Name;Type;GUID;Notes;Phase;Version;Priority;Stereotype;Fully Qualified Stereotype;Language;Author;Scope;Alias;Status;Complexity;Keywords;Is Abstract;Is Leaf;Is Root;Is Specification;Created Date;Modified Date;Requirement Difficulty;Requirement Priority;GenFile;Profile Metatype;CSV_KEY;CSV_PARENT_KEY
Certification;Class;{DACF1555-E94E-4363-952D-F351A5E5482B};;1.0;1.0;;;;Java;Jorich;Public;;Proposed;1;;0;0;0;0;11-юни-2021 16:00:48;11-юни-2021 19:23:12;;;;Class;CSV26A9B028;
Course;Class;{7B438BF1-7078-4662-94E5-5E51CC65E8BB};;1.0;1.0;;;;Java;Jorich;Public;;Proposed;1;;0;0;0;0;11-юни-2021 16:00:57;11-юни-2021 19:23:12;;;;Class;CSV2E0D8C87;
Honor and Award;Class;{9E269FDB-4A5F-4b9a-8BCF-EA414A3BCEB0};;1.0;1.0;;;;Java;Jorich;Public;;Proposed;1;;0;0;0;0;11-юни-2021 16:01:07;14-юни-2021 15:11:38;;;;Class;CSV1E6D50CC;
Interest and Hobby;Class;{2AF98B8A-9DF9-463a-8F8B-4644506B120D};;1.0;1.0;;;;Java;Jorich;Public;;Proposed;1;;0;0;0;0;11-юни-2021 16:01:15;14-юни-2021 15:11:47;;;;Class;CSV24565234;
Organization;Class;{FEC374EB-F960-44fd-AABA-FAD1036173E4};;1.0;1.0;;;;Java;Jorich;Public;;Proposed;1;;0;0;0;0;11-юни-2021 16:01:21;11-юни-2021 19:23:12;;;;Class;CSV4DD4F4FB;
Vacation;Class;{B95F2F1D-8F21-4ba7-9B5E-C122069C24A5};;1.0;1.0;;;;Java;Jorich;Public;;Proposed;1;;0;0;0;0;11-юни-2021 16:01:32;11-юни-2021 19:23:12;;;;Class;CSV0626C5A6;
Volunteering;Class;{2139B38A-665D-466a-B8CA-5193F7D51C33};;1.0;1.0;;;;Java;Jorich;Public;;Proposed;1;;0;0;0;0;11-юни-2021 16:01:39;11-юни-2021 19:23:12;;;;Class;CSV0A1A384D;
Accomplishment;Class;{43FECE68-2DD3-4577-8F73-20153CAAD1C1};;1.0;1.0;;;;Java;Jorich;Public;;Proposed;1;;0;0;0;0;11-юни-2021 16:01:51;11-юни-2021 19:22:48;;;;Class;CSV9F81A77A;
Language;Class;{102AEE00-4CED-4638-8F5F-456179CE5B3C};;1.0;1.0;;;;Java;Jorich;Public;;Proposed;1;;0;0;0;0;11-юни-2021 16:02:11;11-юни-2021 19:23:12;;;;Class;CSV9430D990;
Interest;Class;{2F057CC3-981E-43b8-9586-F7842248E8D6};;1.0;1.0;;;;Java;Jorich;Public;;Proposed;1;;0;0;0;0;11-юни-2021 16:03:05;11-юни-2021 19:23:36;;;;Class;CSVB968737B;
Hobby;Class;{86071ED5-1DC3-4c02-B99A-652A60FB1BEA};;1.0;1.0;;;;Java;Jorich;Public;;Proposed;1;;0;0;0;0;11-юни-2021 16:03:13;11-юни-2021 19:23:36;;;;Class;CSV0D463CDE;
Honor;Class;{9FA57784-E4DB-45db-9ECA-4FF15BCA7123};;1.0;1.0;;;;Java;Jorich;Public;;Proposed;1;;0;0;0;0;11-юни-2021 16:03:25;11-юни-2021 19:23:36;;;;Class;CSVA81F7CDD;
Achievement;Class;{026D659C-F5F4-440d-AC49-24D93C206C86};;1.0;1.0;;;;Java;Jorich;Public;;Proposed;1;;0;0;0;0;11-юни-2021 16:08:17;11-юни-2021 19:23:36;;;;Class;CSV3E69BBB1;
Break;Class;{95AC8C22-A1A2-4b72-AE7D-A2038E1E16FD};;1.0;1.0;;;;Java;Jorich;Public;;Proposed;1;;0;0;0;0;11-юни-2021 16:10:13;11-юни-2021 19:23:36;;;;Class;CSV5B228FDD;
Volunteering interest;Class;{11B01FE5-9E8C-4275-AD5B-DB89BF8EC065};;1.0;1.0;;;;Java;Jorich;Public;;Proposed;1;;0;0;0;0;11-юни-2021 16:10:25;22-юни-2021 14:45:26;;;;Class;CSVE44D4ABC;
Award;Class;{BC7F23B8-D046-4375-B8FF-7308C297454E};;1.0;1.0;;;;Java;Jorich;Public;;Proposed;1;;0;0;0;0;11-юни-2021 16:03:30;11-юни-2021 19:23:36;;;;Class;CSV344F1C1B;
Volunteer work;Class;{8A8DADF8-2258-46cf-A7C4-EFB7B7D69F82};;1.0;1.0;;;;Java;Jorich;Public;;Proposed;1;;0;0;0;0;11-юни-2021 16:10:32;22-юни-2021 14:45:38;;;;Class;CSVC43C8CCE;
Academic achievement;Class;{BB454412-3426-4534-9A9C-14CD24AFBB45};;1.0;1.0;;;;Java;Jorich;Public;;Proposed;1;;0;0;0;0;11-юни-2021 16:11:08;11-юни-2021 19:27:05;;;;Class;CSV12766754;
Summer course scholarship;Class;{A54F13F4-9970-4bc3-8E8E-BEBF3D75F945};;1.0;1.0;;;;Java;Jorich;Public;;Proposed;1;;0;0;0;0;11-юни-2021 16:11:32;11-юни-2021 19:24:06;;;;Class;CSV9A13ED2E;
School leadership position;Class;{B868CB56-1DC3-4954-AA64-21494537CF2F};;1.0;1.0;;;;Java;Jorich;Public;;Proposed;1;;0;0;0;0;11-юни-2021 16:11:53;11-юни-2021 19:27:05;;;;Class;CSV5C028CF2;
Language course;Class;{C9B64F9C-85C9-4736-A464-931B87990910};;1.0;1.0;;;;Java;Jorich;Public;;Proposed;1;;0;0;0;0;11-юни-2021 16:13:08;22-юни-2021 11:35:36;;;;Class;CSV519FBBDB;
Art;Class;{BB763F95-F00A-4129-BC80-0D497C58EB28};;1.0;1.0;;;;Java;Jorich;Public;;Proposed;1;;0;0;0;0;11-юни-2021 16:13:37;11-юни-2021 19:27:05;;;;Class;CSV3E9C0647;
Music lessons;Class;{A2C1B416-612D-4113-943F-8B6F89048511};;1.0;1.0;;;;Java;Jorich;Public;;Proposed;1;;0;0;0;0;11-юни-2021 16:13:43;11-юни-2021 19:24:06;;;;Class;CSV44E9877A;
Training;Class;{CDDA1C5A-C879-402c-AA20-32563FA635D5};;1.0;1.0;;;;Java;Jorich;Public;;Proposed;1;;0;0;0;0;11-юни-2021 16:14:04;11-юни-2021 19:27:05;;;;Class;CSV0874A14D;
Camp;Class;{B0EBA3EB-398B-494b-A9D4-180A13785814};;1.0;1.0;;;;Java;Jorich;Public;;Proposed;1;;0;0;0;0;11-юни-2021 16:14:14;11-юни-2021 19:23:36;;;;Class;CSVA133B568;
Sabbatical;Class;{91D03C1C-0296-4ebf-A7DC-B6914A7F69B7};;1.0;1.0;;;;Java;Jorich;Public;;Proposed;1;;0;0;0;0;11-юни-2021 16:16:51;11-юни-2021 19:27:05;;;;Class;CSV851ECD61;
Pandemic;Class;{8BDCE748-DDF0-4b8c-99D6-110F9B0160BA};;1.0;1.0;;;;Java;Jorich;Public;;Proposed;1;;0;0;0;0;11-юни-2021 16:16:57;11-юни-2021 19:27:05;;;;Class;CSVBDFE0403;
NDA NCC NSA;Class;{504A7674-D2CD-4368-B481-431D83CE0416};;1.0;1.0;;;;Java;Jorich;Public;;Proposed;1;;0;0;0;0;11-юни-2021 16:17:06;11-юни-2021 19:27:05;;;;Class;CSVBB81E486;
Break interest;Class;{BB49A5E5-BBC4-448d-88B5-2CE135155A40};;1.0;1.0;;;;Java;Jorich;Public;;Proposed;1;;0;0;0;0;11-юни-2021 16:17:15;22-юни-2021 14:45:31;;;;Class;CSVA0206F57;
Gamecation;Class;{296F9FF5-C24F-443e-91EE-143D4F9DBD83};;1.0;1.0;;;;Java;Jorich;Public;;Proposed;1;;0;0;0;0;11-юни-2021 16:17:36;11-юни-2021 19:24:06;;;;Class;CSV074CADAA;
Binge-watching;Class;{D2A4BC05-D1CE-4d9e-AD74-65EEFF815EE1};;1.0;1.0;;;;Java;Jorich;Public;;Proposed;1;;0;0;0;0;11-юни-2021 16:17:42;11-юни-2021 19:24:06;;;;Class;CSV82F49F8B;
Sport;Class;{77A165A9-5275-4f01-BAF6-CD8533950D9C};;1.0;1.0;;;;Java;Jorich;Public;;Proposed;1;;0;0;0;0;11-юни-2021 16:18:00;11-юни-2021 19:27:05;;;;Class;CSV1DD6820C;
Travel;Class;{262846C1-A105-4ab1-8FE4-7DDAF488CF4A};;1.0;1.0;;;;Java;Jorich;Public;;Proposed;1;;0;0;0;0;11-юни-2021 16:18:22;11-юни-2021 19:24:06;;;;Class;CSVB8418F5F;
Influence;Class;{8B91E6EC-17E6-4f17-A945-B462F06AAEC8};;1.0;1.0;;;;Java;Jorich;Public;;Proposed;1;;0;0;0;0;11-юни-2021 16:18:29;11-юни-2021 19:27:05;;;;Class;CSVE0519221;
Ownership;Class;{BC4C98FC-56A4-4ddb-A679-1D1F456C1A33};;1.0;1.0;;;;Java;Jorich;Public;;Proposed;1;;0;0;0;0;11-юни-2021 16:20:26;11-юни-2021 19:27:05;;;;Class;CSV69B9DB25;
Spaceflight;Class;{D2BC62A9-5E9A-4fbb-B818-52B8DFF9B445};;1.0;1.0;;;;Java;Jorich;Public;;Proposed;1;;0;0;0;0;11-юни-2021 16:20:31;11-юни-2021 19:27:05;;;;Class;CSVBA90093A;
Competition;Class;{388FF3E0-1FE5-400c-B613-001F9C333B49};;1.0;1.0;;;;Java;Jorich;Public;;Proposed;1;;0;0;0;0;11-юни-2021 16:20:36;11-юни-2021 19:27:05;;;;Class;CSV657E0578;
Eclipse-chaser trip;Class;{EBD8FCFF-6DC2-4efe-B88F-41AF5B3B0A31};;1.0;1.0;;;;Java;Jorich;Public;;Proposed;1;;0;0;0;0;11-юни-2021 16:20:53;22-юни-2021 14:00:52;;;;Class;CSV245BFA65;
Brigade;Class;{86158914-A8E4-4328-9B20-7708AA200C69};;1.0;1.0;;;;Java;Jorich;Public;;Proposed;1;;0;0;0;0;11-юни-2021 16:20:58;22-юни-2021 14:00:52;;;;Class;CSVA57E203C;
Seminar;Class;{87B99B63-985A-4b3c-B40F-1EA22C9F7397};;1.0;1.0;;;;Java;Jorich;Public;;Proposed;1;;0;0;0;0;11-юни-2021 16:21:04;22-юни-2021 14:00:52;;;;Class;CSV783B6E57;
Computing;Class;{367BD446-BED5-4f9c-9A93-651029BC8336};;1.0;1.0;;;;Java;Jorich;Public;;Proposed;1;;0;0;0;0;11-юни-2021 16:21:10;11-юни-2021 19:27:05;;;;Class;CSV1532FD3F;
Conference;Class;{01E649F4-70C9-48ef-B3D9-B19FC046F52C};;1.0;1.0;;;;Java;Jorich;Public;;Proposed;1;;0;0;0;0;11-юни-2021 16:21:36;11-юни-2021 19:23:36;;;;Class;CSV70812765;
Eventbrite;Class;{B82D8CBB-478F-433a-AFD1-D1200D9B99CA};;1.0;1.0;;;;Java;Jorich;Public;;Proposed;1;;0;0;0;0;11-юни-2021 16:21:40;12-юни-2021 15:57:25;;;;Class;CSV6D1369C4;
Meetup;Class;{CE19A4F6-5C6C-4476-A87F-0D3CA9DC1BE7};;1.0;1.0;;;;Java;Jorich;Public;;Proposed;1;;0;0;0;0;11-юни-2021 16:21:44;12-юни-2021 15:57:25;;;;Class;CSVAFCF5BBF;
Club;Class;{9ECE7CBA-684C-43a3-87D1-9EC86F295642};;1.0;1.0;;;;Java;Jorich;Public;;Proposed;1;;0;0;0;0;11-юни-2021 16:21:50;11-юни-2021 19:23:36;;;;Class;CSV7E5B07E8;
MOOC;Class;{11B9287D-65DC-4c94-A240-C6B6CEAAB001};;1.0;1.0;;;;Java;Jorich;Public;;Proposed;1;;0;0;0;0;11-юни-2021 16:41:42;11-юни-2021 19:23:36;;;;Class;CSVDB5D3176;
Research;Class;{2262E3C7-87C1-4713-BE25-33C86535840F};;1.0;1.0;;;;Java;Jorich;Public;;Proposed;1;;0;0;0;0;11-юни-2021 16:43:21;11-юни-2021 19:23:36;;;;Class;CSV42841625;
Video;Class;{BC0E7318-C0DC-4f71-A36B-CB209E6913BB};;1.0;1.0;;;;Java;Jorich;Public;;Proposed;1;;0;0;0;0;11-юни-2021 16:50:41;11-юни-2021 19:24:06;;;;Class;CSVB10398CA;
Webinar;Class;{EECC3723-5396-4421-857B-2C446D3A3F9C};;1.0;1.0;;;;Java;Jorich;Public;;Proposed;1;;0;0;0;0;11-юни-2021 16:50:49;11-юни-2021 19:23:36;;;;Class;CSV32B3E935;
GoToWebinar;Class;{32453F07-924F-4ea2-9BC4-1E744B4D0868};;1.0;1.0;;;;Java;Jorich;Public;;Proposed;1;;0;0;0;0;11-юни-2021 16:50:56;11-юни-2021 19:27:05;;;;Class;CSV20481DD5;
Zoom;Class;{1154FC4E-6536-494e-BCD3-D2FE3FFB9DA6};;1.0;1.0;;;;Java;Jorich;Public;;Proposed;1;;0;0;0;0;11-юни-2021 16:51:04;11-юни-2021 19:27:05;;;;Class;CSV77231D70;
Adobe Connect;Class;{C8F1AA64-2434-4464-8195-D7899C167D39};;1.0;1.0;;;;Java;Jorich;Public;;Proposed;1;;0;0;0;0;11-юни-2021 16:51:10;12-юни-2021 20:38:55;;;;Class;CSV898E324D;
Hopin;Class;{453ACAFE-C1E5-46da-9BB1-D2530544B482};;1.0;1.0;;;;Java;Jorich;Public;;Proposed;1;;0;0;0;0;11-юни-2021 16:51:16;11-юни-2021 19:27:05;;;;Class;CSVD7C28B4E;
Udemy;Class;{FE7B7822-5A46-41e2-8C5D-7C131DB0C88E};;1.0;1.0;;;;Java;Jorich;Public;;Proposed;1;;0;0;0;0;11-юни-2021 16:51:23;11-юни-2021 19:27:05;;;;Class;CSV2D8734FF;
edX;Class;{7BDD706F-1103-447b-B0F9-ED7EE57AC37E};;1.0;1.0;;;;Java;Jorich;Public;;Proposed;1;;0;0;0;0;11-юни-2021 16:51:29;11-юни-2021 19:27:05;;;;Class;CSV1EAFD388;
e-Learning;Class;{CAD79043-5B4D-462a-9AB2-D7709E884DA4};;1.0;1.0;;;;Java;Jorich;Public;;Proposed;1;;0;0;0;0;11-юни-2021 17:35:14;11-юни-2021 19:24:07;;;;Class;CSV3312D13B;
Serial;Class;{83418643-080C-4895-89DA-D0E7964E11A8};;1.0;1.0;;;;Java;Jorich;Public;;Proposed;1;;0;0;0;0;12-юни-2021 16:18:51;12-юни-2021 20:24:59;;;;Class;CSV06D2BF88;
Newspaper;Class;{857BBE79-B34E-41dd-AAED-2DEF4A546191};;1.0;1.0;;;;Java;Jorich;Public;;Proposed;1;;0;0;0;0;12-юни-2021 16:18:56;12-юни-2021 20:24:43;;;;Class;CSV5260D234;
MOOC.fi;Class;{803724C7-BF86-41b8-BA5E-2DB3F6E417E4};;1.0;1.0;;;;Java;Jorich;Public;;Proposed;1;;0;0;0;0;11-юни-2021 16:51:36;11-юни-2021 19:27:05;;;;Class;CSV479BF308;
LinkedIn Learning;Class;{1F596946-8EE8-4874-9869-86BEC0B0BF9A};;1.0;1.0;;;;Java;Jorich;Public;;Proposed;1;;0;0;0;0;11-юни-2021 16:51:48;11-юни-2021 19:27:05;;;;Class;CSV0360A223;
YouTube;Class;{88EFD800-67EA-4c3c-9F1B-6F8B36A6C022};;1.0;1.0;;;;Java;Jorich;Public;;Proposed;1;;0;0;0;0;11-юни-2021 16:51:54;11-юни-2021 19:24:06;;;;Class;CSV24A65A1B;
Facebook;Class;{28642AA6-9BD8-4edb-81DA-EE0E2451B270};;1.0;1.0;;;;Java;Jorich;Public;;Proposed;1;;0;0;0;0;11-юни-2021 16:52:02;11-юни-2021 22:09:58;;;;Class;CSVFEB97275;
Twitch;Class;{5E2ADF87-AEA9-403a-8625-E9A4EE48CAEF};;1.0;1.0;;;;Java;Jorich;Public;;Proposed;1;;0;0;0;0;11-юни-2021 16:54:00;11-юни-2021 19:24:07;;;;Class;CSV2FFC112F;
Linux Academy;Class;{BAC5239C-1058-43b0-B220-D98867271A4B};;1.0;1.0;;;;Java;Jorich;Public;;Proposed;1;;0;0;0;0;11-юни-2021 16:54:07;11-юни-2021 19:27:05;;;;Class;CSV0064D8A5;
A Cloud Guru;Class;{7DCE3232-884A-4318-AF58-4954828B8D6A};;1.0;1.0;;;;Java;Jorich;Public;;Proposed;1;;0;0;0;0;11-юни-2021 16:54:15;11-юни-2021 19:27:05;;;;Class;CSV821A7CA7;
Duolingo;Class;{84B8946C-E911-4476-9AA9-725258043ADD};;1.0;1.0;;;;Java;Jorich;Public;;Proposed;1;;0;0;0;0;11-юни-2021 16:54:22;11-юни-2021 19:27:05;;;;Class;CSVD35450FB;
Social network;Class;{8F073D50-0E15-49b9-8236-AB9875478102};;1.0;1.0;;;;Java;Jorich;Public;;Proposed;1;;0;0;0;0;11-юни-2021 16:55:15;11-юни-2021 19:27:05;;;;Class;CSVB3F0F5F4;
Pluralsight;Class;{E1231981-7600-47a7-AB4B-81C8CD12A463};;1.0;1.0;;;;Java;Jorich;Public;;Proposed;1;;0;0;0;0;11-юни-2021 17:01:32;11-юни-2021 19:23:36;;;;Class;CSV3B31E971;
Amazon Web Services;Class;{DF1A51DF-A1E6-4bf0-BC0E-C67CACCAB6C9};;1.0;1.0;;;;Java;Jorich;Public;;Proposed;1;;0;0;0;0;11-юни-2021 17:01:38;15-юни-2021 19:16:29;;;;Class;CSV691C177B;
Publication;Class;{C7CCF23B-3378-4888-9250-00EAF3F15690};;1.0;1.0;;;;Java;Jorich;Public;;Proposed;1;;0;0;0;0;11-юни-2021 17:02:53;11-юни-2021 19:23:12;;;;Class;CSVB57DC6D7;
Pure Storage;Class;{04A80E61-BECB-492c-B8DF-ADBEF515FD65};;1.0;1.0;;;;Java;Jorich;Public;;Proposed;1;;0;0;0;0;11-юни-2021 17:04:00;11-юни-2021 19:23:36;;;;Class;CSVB12E3780;
Curriculum;Class;{C7A973E6-BA43-44c6-8F74-06468B1E65CB};;1.0;1.0;;;;Java;Jorich;Public;;Proposed;1;;0;0;0;0;11-юни-2021 17:35:32;11-юни-2021 19:24:07;;;;Class;CSV6D242AC1;
Field course;Class;{0569F92D-5CA8-4631-9538-228BC5A7C1EB};;1.0;1.0;;;;Java;Jorich;Public;;Proposed;1;;0;0;0;0;11-юни-2021 17:35:45;11-юни-2021 19:23:36;;;;Class;CSV55293019;
Hands-on lab;Class;{67CAA4DC-C3A4-4952-A89F-DD846A90DE4D};;1.0;1.0;;;;Java;Jorich;Public;;Proposed;1;;0;0;0;0;11-юни-2021 17:36:10;15-юни-2021 16:31:42;;;;Class;CSV92BDDDA5;
Summer course;Class;{146B29BA-53AD-4820-A6BE-4AB5E50D015B};;1.0;1.0;;;;Java;Jorich;Public;;Proposed;1;;0;0;0;0;11-юни-2021 17:36:28;22-юни-2021 11:35:49;;;;Class;CSVD765A6FB;
Scholarship;Class;{D924B426-DC96-4d61-BC7A-CF78CA876925};;1.0;1.0;;;;Java;Jorich;Public;;Proposed;1;;0;0;0;0;11-юни-2021 18:43:26;11-юни-2021 19:27:05;;;;Class;CSVAFD63BAA;
Education;Class;{7D76C5AD-01CF-4652-B0D3-1060647B4319};;1.0;1.0;;;;Java;Jorich;Public;;Proposed;1;;0;0;0;0;11-юни-2021 20:16:33;11-юни-2021 20:19:29;;;;Class;CSV71DD39C8;
Professional Experience;Class;{D087DEFC-217F-4976-BEE6-FCE9553185C5};;1.0;1.0;;;;Java;Jorich;Public;;Proposed;1;;0;0;0;0;11-юни-2021 20:16:50;11-юни-2021 20:19:29;;;;Class;CSV9E5A5C3E;
Personal Info;Class;{81B6DD37-55B9-4dc6-9B36-F67B56BD2E01};;1.0;1.0;;;;Java;Jorich;Public;;Proposed;1;;0;0;0;0;11-юни-2021 20:17:00;11-юни-2021 20:18:17;;;;Class;CSV8D7C8C23;
Background;Class;{A26BC153-BD4B-489e-AD00-68B8EB93203A};;1.0;1.0;;;;Java;Jorich;Public;;Proposed;1;;0;0;0;0;11-юни-2021 20:17:15;11-юни-2021 20:18:17;;;;Class;CSV1961D7FE;
Curriculum Vitae;Class;{9B094616-ADBA-44d4-9528-3F038920E86F};;1.0;1.0;;;;Java;Jorich;Public;;Proposed;1;;0;0;0;0;11-юни-2021 20:17:21;11-юни-2021 21:38:44;;;;Class;CSVEC2BA508;
Diploma;Class;{51EF0AAF-351A-4b7d-A787-42CB6441515B};;1.0;1.0;;;;Java;Jorich;Public;;Proposed;1;;0;0;0;0;11-юни-2021 20:37:37;11-юни-2021 20:38:13;;;;Class;CSV165DFFC0;
Project Portfolio;Class;{AD68B839-EA30-4d09-ACA5-B746158B16DC};;1.0;1.0;;;;Java;Jorich;Public;;Proposed;1;;0;0;0;0;11-юни-2021 21:35:13;11-юни-2021 21:51:19;;;;Class;CSV9D195E02;
Contemporary Period;Class;{D6EE5662-412A-4c43-83F6-6B80FB01695A};;1.0;1.0;;;;Java;Jorich;Public;;Proposed;1;;0;0;0;0;11-юни-2021 21:35:21;11-юни-2021 21:39:05;;;;Class;CSVD52E7F3D;
Modern Age;Class;{43144C8E-4283-4b5e-9BF1-A110D2E17139};;1.0;1.0;;;;Java;Jorich;Public;;Proposed;1;;0;0;0;0;11-юни-2021 21:35:38;11-юни-2021 21:39:05;;;;Class;CSV63B73073;
Renaissance;Class;{3ECA3399-83F4-4fad-A562-C002E63347FE};;1.0;1.0;;;;Java;Jorich;Public;;Proposed;1;;0;0;0;0;11-юни-2021 21:35:45;11-юни-2021 22:12:41;;;;Class;CSVC1612738;
Dark Ages;Class;{B998A7B7-62BB-4a42-8B0D-AFE74D012457};;1.0;1.0;;;;Java;Jorich;Public;;Proposed;1;;0;0;0;0;11-юни-2021 21:35:58;11-юни-2021 21:39:05;;;;Class;CSV3A75EFD0;
Portfolio;Class;{F8FA3096-477F-4e25-8552-EF5E24B10AC6};;1.0;1.0;;;;Java;Jorich;Public;;Proposed;1;;0;0;0;0;11-юни-2021 21:36:52;11-юни-2021 21:51:31;;;;Class;CSVDBBF89F7;
Fe;Class;{5F350397-0BD3-44c5-A4F6-DC0EBAE7BD8F};;1.0;1.0;;;;Java;Jorich;Public;;Proposed;1;;0;0;0;0;11-юни-2021 21:50:58;11-юни-2021 21:52:24;;;;Class;CSVADADDD9D;
LifeSpan;Class;{992B5C12-5864-40e3-A82A-708010415C38};;1.0;1.0;;;;Java;Jorich;Public;;Proposed;1;;0;0;0;0;11-юни-2021 21:51:34;11-юни-2021 21:52:33;;;;Class;CSV8BA3C521;
Webpage;Class;{412623D2-FDB4-4336-A4CA-744C5752B1D5};;1.0;1.0;;;;Java;Jorich;Public;;Proposed;1;;0;0;0;0;11-юни-2021 21:51:43;11-юни-2021 21:52:12;;;;Class;CSVA9B3269A;
Magazine;Class;{385F210B-92C1-4c83-9545-AEC68CC9A22F};;1.0;1.0;;;;Java;Jorich;Public;;Proposed;1;;0;0;0;0;12-юни-2021 16:19:02;12-юни-2021 20:24:47;;;;Class;CSVA5D31969;
Book series;Class;{5D1D3F63-5577-4cc6-9F6B-F7F3B1AC49D4};;1.0;1.0;;;;Java;Jorich;Public;;Proposed;1;;0;0;0;0;12-юни-2021 16:19:08;12-юни-2021 16:22:28;;;;Class;CSV96D773EC;
Book;Class;{48E4337C-FBF2-41e8-8968-52D54B536C30};;1.0;1.0;;;;Java;Jorich;Public;;Proposed;1;;0;0;0;0;12-юни-2021 16:21:35;14-юни-2021 15:09:11;;;;Class;CSVEC0FD7D1;
Goldcast;Class;{C4138D78-DF89-41a9-ABD8-99F9DF7E45EE};;1.0;1.0;;;;Java;Jorich;Public;;Proposed;1;;0;0;0;0;12-юни-2021 16:42:05;12-юни-2021 18:01:27;;;;Class;CSV867BE6E2;
Experience Welcome;Class;{784CC0B6-755D-4c81-8904-96D5DB49CD18};;1.0;1.0;;;;Java;Jorich;Public;;Proposed;1;;0;0;0;0;12-юни-2021 16:46:04;12-юни-2021 18:01:27;;;;Class;CSVE6E1B883;
Virtual event;Class;{174BBB7D-0B8C-4bdc-938C-B702AC64B35D};;1.0;1.0;;;;Java;Jorich;Public;;Proposed;1;;0;0;0;0;12-юни-2021 16:48:26;12-юни-2021 18:01:13;;;;Class;CSV7C4355E3;
BrightTALK;Class;{74762438-CF56-4af9-9D7D-4719385B1CC9};;1.0;1.0;;;;Java;Jorich;Public;;Proposed;1;;0;0;0;0;12-юни-2021 16:52:48;12-юни-2021 18:01:13;;;;Class;CSV9FBF170B;
Cube365;Class;{3B58A33D-86AC-4a65-B0BD-CE7008BD67F6};;1.0;1.0;;;;Java;Jorich;Public;;Proposed;1;;0;0;0;0;12-юни-2021 17:27:34;12-юни-2021 18:01:27;;;;Class;CSV2F321AF1;
Self cast;Class;{4414767C-433F-4989-82B5-097F25D075D1};;1.0;1.0;;;;Java;Jorich;Public;;Proposed;1;;0;0;0;0;12-юни-2021 17:47:14;12-юни-2021 18:01:27;;;;Class;CSV49350610;
Bevy;Class;{FC2BF0BF-3E65-4a73-8065-30C14917BFE8};;1.0;1.0;;;;Java;Jorich;Public;;Proposed;1;;0;0;0;0;12-юни-2021 17:48:06;12-юни-2021 18:01:35;;;;Class;CSVDCAFEE22;
Online Experiences;Class;{540CBEEF-6182-418f-8BA5-98BCEAF5F17E};;1.0;1.0;;;;Java;Jorich;Public;;Proposed;1;;0;0;0;0;12-юни-2021 17:52:31;12-юни-2021 18:01:27;;;;Class;CSV82F9C2AD;
ON24;Class;{BB2540ED-F026-4747-8E52-E68B6DD72FCF};;1.0;1.0;;;;Java;Jorich;Public;;Proposed;1;;0;0;0;0;12-юни-2021 17:57:57;12-юни-2021 18:01:13;;;;Class;CSV3994DB87;
Grip;Class;{F2F976AF-D168-48d6-A54A-1F2C3D50F7B8};;1.0;1.0;;;;Java;Jorich;Public;;Proposed;1;;0;0;0;0;12-юни-2021 18:11:57;12-юни-2021 20:44:21;;;;Class;CSV443117C2;
Cvent;Class;{E0FDDD4D-55E8-4b4b-91CD-1459370B0242};;1.0;1.0;;;;Java;Jorich;Public;;Proposed;1;;0;0;0;0;12-юни-2021 18:16:57;12-юни-2021 20:44:21;;;;Class;CSV560EBE3D;
RainFocus;Class;{ED32A9AE-CDF1-4c36-A7B2-89FCDD283095};;1.0;1.0;;;;Java;Jorich;Public;;Proposed;1;;0;0;0;0;12-юни-2021 18:22:38;12-юни-2021 20:44:21;;;;Class;CSVDB882560;
PINE;Class;{163769A5-8AB4-4b1b-B69D-EF17DC4B02BF};;1.0;1.0;;;;Java;Jorich;Public;;Proposed;1;;0;0;0;0;12-юни-2021 18:26:49;12-юни-2021 20:44:07;;;;Class;CSVD9C8AFB9;
6Connex;Class;{2B98EB7E-A455-4630-97F1-F150E96E7F81};;1.0;1.0;;;;Java;Jorich;Public;;Proposed;1;;0;0;0;0;12-юни-2021 18:32:01;12-юни-2021 20:44:07;;;;Class;CSVDBF1CB89;
Splash;Class;{F3FDD196-EBD7-4106-BE3D-8D1DC5E0C155};;1.0;1.0;;;;Java;Jorich;Public;;Proposed;1;;0;0;0;0;12-юни-2021 19:43:46;12-юни-2021 20:44:21;;;;Class;CSV3F27176E;
Test Score;Class;{DEFE2A20-76B3-4c85-9E5E-9BB5A80D1F62};;1.0;1.0;;;;Java;Jorich;Public;;Proposed;1;;0;0;0;0;14-юни-2021 15:07:10;14-юни-2021 15:07:46;;;;Class;CSVB51F8F69;
Duolingo language course;Class;{85B5E2AD-AD17-47ca-AAA1-E5C29A3BB105};;1.0;1.0;;;;Java;Jorich;Public;;Proposed;1;;0;0;0;0;22-юни-2021 11:32:44;22-юни-2021 11:33:51;;;;Class;CSVF0D2C8B2;
Sports competition;Class;{EE9CAD51-3404-4d1d-AC45-FCCBFFECC9F4};;1.0;1.0;;;;Java;Jorich;Public;;Proposed;1;;0;0;0;0;22-юни-2021 12:00:38;22-юни-2021 12:00:51;;;;Class;CSV3437EB76;
Sports training;Class;{2D52DB95-D769-4ec1-88E6-2821B57593EA};;1.0;1.0;;;;Java;Jorich;Public;;Proposed;1;;0;0;0;0;22-юни-2021 12:19:28;22-юни-2021 12:00:51;;;;Class;CSV29E7BBBD;
Competition award;Class;{828FD615-04F9-4647-BCEF-2CC71E6960F4};;1.0;1.0;;;;Java;Jorich;Public;;Proposed;1;;0;0;0;0;22-юни-2021 12:56:00;22-юни-2021 12:56:12;;;;Class;CSVEA47D9AE;
Work and travel;Class;{951C266D-72D2-444b-9E37-D1D30282B10C};;1.0;1.0;;;;Java;Jorich;Public;;Proposed;1;;0;0;0;0;22-юни-2021 13:59:32;11-юни-2021 19:27:05;;;;Class;CSV93D1FCBC;
Khan Academy;Class;{80876669-453B-4085-AF99-82F437764102};;1.0;1.0;;;;Java;Jorich;Public;;Proposed;1;;0;0;0;0;07-юли-2021 15:39:14;11-юни-2021 19:27:05;;;;Class;CSVEC97A3A3;
